{"lr": 0.0002791940905941055, "data_time": 0.0072400569915771484, "loss": 63.79926300048828, "loss_inv": 1.4898626804351807, "loss_var": 0.015046283602714539, "loss_cov": 15.494247436523438, "time": 0.4042174816131592, "epoch": 1, "iter": 100, "memory": 17116, "step": 100}
{"lr": 0.0005611516415334514, "data_time": 0.007569789886474609, "loss": 50.74958801269531, "loss_inv": 1.037588357925415, "loss_var": 0.07776486128568649, "loss_cov": 14.628036499023438, "time": 0.40381956100463867, "epoch": 1, "iter": 200, "memory": 17116, "step": 200}
{"lr": 0.0005402510392252859, "data_time": 0.008084297180175781, "loss": 47.74425506591797, "loss_inv": 0.9364312887191772, "loss_var": 0.15691238641738892, "loss_cov": 11.947164535522461, "time": 0.4053528308868408, "epoch": 1, "iter": 300, "memory": 17116, "step": 300}
