{"lr": 3e-08, "data_time": 2.2511799335479736, "loss": 68.50776672363281, "loss_inv": 1.6741600036621094, "loss_var": 0.0, "loss_cov": 26.653766632080078, "time": 2.6865010261535645, "epoch": 1, "iter": 1, "memory": 17046, "step": 1}
{"lr": 7.50225e-05, "data_time": 0.03995180130004883, "loss": 65.54553985595703, "loss_inv": 1.6043305397033691, "loss_var": 0.0, "loss_cov": 25.43727684020996, "time": 0.4386558532714844, "epoch": 1, "iter": 2, "memory": 17116, "step": 2}
{"lr": 0.00015001499999999998, "data_time": 0.5492966175079346, "loss": 64.65536499023438, "loss_inv": 1.6108121871948242, "loss_var": 0.0, "loss_cov": 24.385059356689453, "time": 0.9424967765808105, "epoch": 1, "iter": 3, "memory": 17116, "step": 3}
{"lr": 0.00022500749999999998, "data_time": 0.01712203025817871, "loss": 62.887611389160156, "loss_inv": 1.665731430053711, "loss_var": 0.0, "loss_cov": 21.24432373046875, "time": 0.41228389739990234, "epoch": 1, "iter": 4, "memory": 17116, "step": 4}
{"lr": 0.0003, "data_time": 0.013090848922729492, "loss": 62.84929275512695, "loss_inv": 1.669067621231079, "loss_var": 0.0, "loss_cov": 21.122600555419922, "time": 0.4071846008300781, "epoch": 1, "iter": 5, "memory": 17116, "step": 5}
{"lr": 0.0003, "data_time": 0.031826019287109375, "loss": 62.17655563354492, "loss_inv": 1.6437875032424927, "loss_var": 0.0, "loss_cov": 21.081867218017578, "time": 0.4263122081756592, "epoch": 1, "iter": 6, "memory": 17116, "step": 6}
{"lr": 0.0002714480406590546, "data_time": 0.013562202453613281, "loss": 61.47727966308594, "loss_inv": 1.6238738298416138, "loss_var": 0.0, "loss_cov": 20.88043212890625, "time": 0.40593695640563965, "epoch": 1, "iter": 7, "memory": 17116, "step": 7}
{"lr": 0.00019669804065905458, "data_time": 0.018348217010498047, "loss": 61.586936950683594, "loss_inv": 1.636589765548706, "loss_var": 0.0, "loss_cov": 20.67219352722168, "time": 0.4176332950592041, "epoch": 1, "iter": 8, "memory": 17116, "step": 8}
{"lr": 0.00010430195934094532, "data_time": 0.03664398193359375, "loss": 61.11004638671875, "loss_inv": 1.6178783178329468, "loss_var": 0.0, "loss_cov": 20.663089752197266, "time": 0.43074750900268555, "epoch": 1, "iter": 9, "memory": 17116, "step": 9}
{"lr": 2.955195934094536e-05, "data_time": 0.018254995346069336, "loss": 60.60554122924805, "loss_inv": 1.6196707487106323, "loss_var": 0.0, "loss_cov": 20.113773345947266, "time": 0.41611766815185547, "epoch": 1, "iter": 10, "memory": 17116, "step": 10}
