{"lr": 3e-05, "data_time": 4.339594841003418, "loss": 5.504085540771484, "time": 4.707880973815918, "epoch": 1, "iter": 1, "memory": 12590, "step": 1}
{"lr": 0.0750225, "data_time": 0.3826181888580322, "loss": 5.480340003967285, "time": 0.7385728359222412, "epoch": 1, "iter": 2, "memory": 12658, "step": 2}
{"lr": 0.150015, "data_time": 0.014455556869506836, "loss": 5.389211654663086, "time": 0.3582782745361328, "epoch": 1, "iter": 3, "memory": 12658, "step": 3}
{"lr": 0.2250075, "data_time": 0.07756567001342773, "loss": 5.371488094329834, "time": 0.4134066104888916, "epoch": 1, "iter": 4, "memory": 12658, "step": 4}
{"lr": 0.3, "data_time": 0.02547764778137207, "loss": 5.3244805335998535, "time": 0.3600351810455322, "epoch": 1, "iter": 5, "memory": 12658, "step": 5}
{"lr": 0.3, "data_time": 0.025980710983276367, "loss": 5.450072765350342, "time": 0.3862578868865967, "epoch": 1, "iter": 6, "memory": 12658, "step": 6}
{"lr": 0.2933926296998458, "data_time": 0.053014278411865234, "loss": 5.285811424255371, "time": 0.40041136741638184, "epoch": 1, "iter": 7, "memory": 12658, "step": 7}
{"lr": 0.2742172942406179, "data_time": 0.0201723575592041, "loss": 5.245048999786377, "time": 0.3577613830566406, "epoch": 1, "iter": 8, "memory": 12658, "step": 8}
{"lr": 0.2443510090594839, "data_time": 0.026135921478271484, "loss": 5.154204368591309, "time": 0.3936886787414551, "epoch": 1, "iter": 9, "memory": 12658, "step": 9}
{"lr": 0.2067172942406179, "data_time": 0.0827796459197998, "loss": 5.162965774536133, "time": 0.43137216567993164, "epoch": 1, "iter": 10, "memory": 12658, "step": 10}
{"lr": 0.165, "data_time": 0.11721086502075195, "loss": 5.094654083251953, "time": 0.4607672691345215, "epoch": 1, "iter": 11, "memory": 12658, "step": 11}
{"lr": 0.12328270575938212, "data_time": 0.10006284713745117, "loss": 5.036246299743652, "time": 0.44231486320495605, "epoch": 1, "iter": 12, "memory": 12658, "step": 12}
{"lr": 0.08564899094051615, "data_time": 0.029060840606689453, "loss": 4.956786155700684, "time": 0.3744781017303467, "epoch": 1, "iter": 13, "memory": 12658, "step": 13}
{"lr": 0.055782705759382115, "data_time": 0.01835155487060547, "loss": 5.01481819152832, "time": 0.3570065498352051, "epoch": 1, "iter": 14, "memory": 12658, "step": 14}
{"lr": 0.03660737030015428, "data_time": 0.015940189361572266, "loss": 4.872389793395996, "time": 0.3554086685180664, "epoch": 1, "iter": 15, "memory": 12658, "step": 15}
