{"lr": 3e-08, "data_time": 7.252432584762573, "loss": 57.68854522705078, "loss_inv": 1.2919504642486572, "loss_var": 0.0, "loss_cov": 25.389781951904297, "time": 7.668016672134399, "epoch": 1, "iter": 1, "memory": 17045, "step": 1}
{"lr": 7.50225e-05, "data_time": 1.089909553527832, "loss": 58.96092987060547, "loss_inv": 1.210608959197998, "loss_var": 0.0, "loss_cov": 28.69570541381836, "time": 1.4707355499267578, "epoch": 1, "iter": 2, "memory": 17070, "step": 2}
{"lr": 0.00015001499999999998, "data_time": 0.034989356994628906, "loss": 57.108699798583984, "loss_inv": 1.2889459133148193, "loss_var": 0.0, "loss_cov": 24.885051727294922, "time": 0.41591668128967285, "epoch": 1, "iter": 3, "memory": 17070, "step": 3}
{"lr": 0.00022500749999999998, "data_time": 0.034868717193603516, "loss": 53.97926330566406, "loss_inv": 1.2590341567993164, "loss_var": 0.0, "loss_cov": 22.503408432006836, "time": 0.4155118465423584, "epoch": 1, "iter": 4, "memory": 17070, "step": 4}
{"lr": 0.0003, "data_time": 0.029456138610839844, "loss": 51.509971618652344, "loss_inv": 1.326970100402832, "loss_var": 0.0, "loss_cov": 18.33572006225586, "time": 0.41037678718566895, "epoch": 1, "iter": 5, "memory": 17070, "step": 5}
{"lr": 0.0003, "data_time": 0.027451515197753906, "loss": 50.768402099609375, "loss_inv": 1.3286943435668945, "loss_var": 0.0, "loss_cov": 17.55104637145996, "time": 0.4090256690979004, "epoch": 1, "iter": 6, "memory": 17070, "step": 6}
{"lr": 0.0002714480406590546, "data_time": 0.04544544219970703, "loss": 52.903038024902344, "loss_inv": 1.3481049537658691, "loss_var": 0.0, "loss_cov": 19.20041275024414, "time": 0.42758703231811523, "epoch": 1, "iter": 7, "memory": 17070, "step": 7}
{"lr": 0.00019669804065905458, "data_time": 0.0265960693359375, "loss": 49.82020568847656, "loss_inv": 1.2652649879455566, "loss_var": 0.0, "loss_cov": 18.188581466674805, "time": 0.40085697174072266, "epoch": 1, "iter": 8, "memory": 17070, "step": 8}
{"lr": 0.00010430195934094532, "data_time": 0.01862812042236328, "loss": 48.940345764160156, "loss_inv": 1.2685099840164185, "loss_var": 0.0, "loss_cov": 17.227596282958984, "time": 0.391843318939209, "epoch": 1, "iter": 9, "memory": 17070, "step": 9}
{"lr": 2.955195934094536e-05, "data_time": 0.04564499855041504, "loss": 49.40884780883789, "loss_inv": 1.3102672100067139, "loss_var": 0.0, "loss_cov": 16.65216827392578, "time": 0.4298996925354004, "epoch": 1, "iter": 10, "memory": 17070, "step": 10}
