{"lr": 3e-08, "data_time": 7.663744688034058, "loss": 62.54153823852539, "loss_inv": 1.60140061378479, "loss_var": 0.0, "loss_cov": 22.50652313232422, "time": 8.082931756973267, "epoch": 1, "iter": 1, "memory": 17045, "step": 1}
{"lr": 3.3027027027027025e-07, "data_time": 0.04277515411376953, "loss": 63.19328308105469, "loss_inv": 1.6196767091751099, "loss_var": 0.0, "loss_cov": 22.701364517211914, "time": 0.4192330837249756, "epoch": 1, "iter": 2, "memory": 17070, "step": 2}
{"lr": 6.305405405405405e-07, "data_time": 0.06324100494384766, "loss": 63.28462219238281, "loss_inv": 1.6129307746887207, "loss_var": 0.0, "loss_cov": 22.961353302001953, "time": 0.4358525276184082, "epoch": 1, "iter": 3, "memory": 17070, "step": 3}
{"lr": 9.308108108108107e-07, "data_time": 0.022464275360107422, "loss": 63.59479522705078, "loss_inv": 1.6804943084716797, "loss_var": 0.0, "loss_cov": 21.582435607910156, "time": 0.3968358039855957, "epoch": 1, "iter": 4, "memory": 17070, "step": 4}
{"lr": 1.231081081081081e-06, "data_time": 0.0382230281829834, "loss": 63.4372444152832, "loss_inv": 1.6384989023208618, "loss_var": 0.0, "loss_cov": 22.474773406982422, "time": 0.4136021137237549, "epoch": 1, "iter": 5, "memory": 17070, "step": 5}
{"lr": 1.5313513513513513e-06, "data_time": 0.03187370300292969, "loss": 62.943519592285156, "loss_inv": 1.6741368770599365, "loss_var": 0.0, "loss_cov": 21.090099334716797, "time": 0.40677523612976074, "epoch": 1, "iter": 6, "memory": 17070, "step": 6}
{"lr": 1.8316216216216215e-06, "data_time": 0.029262781143188477, "loss": 62.867408752441406, "loss_inv": 1.6169588565826416, "loss_var": 0.0, "loss_cov": 22.443435668945312, "time": 0.4070451259613037, "epoch": 1, "iter": 7, "memory": 17070, "step": 7}
{"lr": 2.1318918918918916e-06, "data_time": 0.052405357360839844, "loss": 63.5828857421875, "loss_inv": 1.646412968635559, "loss_var": 0.0, "loss_cov": 22.422561645507812, "time": 0.42947888374328613, "epoch": 1, "iter": 8, "memory": 17070, "step": 8}
{"lr": 2.432162162162162e-06, "data_time": 0.07021164894104004, "loss": 62.60072708129883, "loss_inv": 1.6134920120239258, "loss_var": 0.0, "loss_cov": 22.263427734375, "time": 0.44790196418762207, "epoch": 1, "iter": 9, "memory": 17070, "step": 9}
{"lr": 2.732432432432432e-06, "data_time": 0.03479933738708496, "loss": 62.53602981567383, "loss_inv": 1.6384978294372559, "loss_var": 0.0, "loss_cov": 21.573585510253906, "time": 0.41071343421936035, "epoch": 1, "iter": 10, "memory": 17070, "step": 10}
{"lr": 3.0327027027027024e-06, "data_time": 0.05236387252807617, "loss": 62.395240783691406, "loss_inv": 1.6470935344696045, "loss_var": 0.0, "loss_cov": 21.21790313720703, "time": 0.43300771713256836, "epoch": 1, "iter": 11, "memory": 17070, "step": 11}
{"lr": 3.3329729729729727e-06, "data_time": 0.03037285804748535, "loss": 63.284637451171875, "loss_inv": 1.658442735671997, "loss_var": 0.0, "loss_cov": 21.823570251464844, "time": 0.4042627811431885, "epoch": 1, "iter": 12, "memory": 17070, "step": 12}
{"lr": 3.633243243243243e-06, "data_time": 0.031176328659057617, "loss": 61.58103561401367, "loss_inv": 1.6082942485809326, "loss_var": 0.0, "loss_cov": 21.373680114746094, "time": 0.4061436653137207, "epoch": 1, "iter": 13, "memory": 17070, "step": 13}
{"lr": 3.933513513513513e-06, "data_time": 0.10373616218566895, "loss": 61.098907470703125, "loss_inv": 1.5969184637069702, "loss_var": 0.0, "loss_cov": 21.175945281982422, "time": 0.48039746284484863, "epoch": 1, "iter": 14, "memory": 17070, "step": 14}
{"lr": 4.233783783783783e-06, "data_time": 0.03623175621032715, "loss": 60.646934509277344, "loss_inv": 1.5932865142822266, "loss_var": 0.0, "loss_cov": 20.814775466918945, "time": 0.41323399543762207, "epoch": 1, "iter": 15, "memory": 17070, "step": 15}
{"lr": 4.5340540540540525e-06, "data_time": 0.024640321731567383, "loss": 61.61540985107422, "loss_inv": 1.5752906799316406, "loss_var": 0.0, "loss_cov": 22.233144760131836, "time": 0.4011499881744385, "epoch": 1, "iter": 16, "memory": 17070, "step": 16}
{"lr": 4.834324324324322e-06, "data_time": 3.5133039951324463, "loss": 61.44170379638672, "loss_inv": 1.6063812971115112, "loss_var": 0.0, "loss_cov": 21.28217315673828, "time": 3.8878657817840576, "epoch": 1, "iter": 17, "memory": 17070, "step": 17}
{"lr": 5.134594594594592e-06, "data_time": 0.07489657402038574, "loss": 60.82917022705078, "loss_inv": 1.5634576082229614, "loss_var": 0.0, "loss_cov": 21.74273109436035, "time": 0.4485909938812256, "epoch": 1, "iter": 18, "memory": 17070, "step": 18}
{"lr": 5.434864864864862e-06, "data_time": 0.048969268798828125, "loss": 62.82432556152344, "loss_inv": 1.6667779684066772, "loss_var": 0.0, "loss_cov": 21.154876708984375, "time": 0.4233584403991699, "epoch": 1, "iter": 19, "memory": 17070, "step": 19}
{"lr": 5.735135135135133e-06, "data_time": 0.04688835144042969, "loss": 62.683780670166016, "loss_inv": 1.5975797176361084, "loss_var": 0.0, "loss_cov": 22.74428939819336, "time": 0.42139291763305664, "epoch": 1, "iter": 20, "memory": 17070, "step": 20}
{"lr": 6.0354054054054025e-06, "data_time": 0.04657888412475586, "loss": 62.54482650756836, "loss_inv": 1.615138053894043, "loss_var": 0.0, "loss_cov": 22.16637420654297, "time": 0.42379021644592285, "epoch": 1, "iter": 21, "memory": 17070, "step": 21}
{"lr": 6.335675675675672e-06, "data_time": 0.0388944149017334, "loss": 61.60054397583008, "loss_inv": 1.6377618312835693, "loss_var": 0.0, "loss_cov": 20.656497955322266, "time": 0.4142489433288574, "epoch": 1, "iter": 22, "memory": 17070, "step": 22}
{"lr": 6.635945945945942e-06, "data_time": 0.03966522216796875, "loss": 61.363525390625, "loss_inv": 1.6580681800842285, "loss_var": 0.0, "loss_cov": 19.911821365356445, "time": 0.41826820373535156, "epoch": 1, "iter": 23, "memory": 17070, "step": 23}
{"lr": 6.936216216216212e-06, "data_time": 0.03221893310546875, "loss": 62.149322509765625, "loss_inv": 1.60947585105896, "loss_var": 0.0, "loss_cov": 21.912425994873047, "time": 0.40900397300720215, "epoch": 1, "iter": 24, "memory": 17070, "step": 24}
{"lr": 7.236486486486483e-06, "data_time": 0.02914595603942871, "loss": 59.7398681640625, "loss_inv": 1.5998964309692383, "loss_var": 0.0, "loss_cov": 19.74245834350586, "time": 0.4042644500732422, "epoch": 1, "iter": 25, "memory": 17070, "step": 25}
{"lr": 7.5367567567567535e-06, "data_time": 0.0341489315032959, "loss": 61.64871597290039, "loss_inv": 1.6494112014770508, "loss_var": 0.0, "loss_cov": 20.413436889648438, "time": 0.4094505310058594, "epoch": 1, "iter": 26, "memory": 17070, "step": 26}
{"lr": 7.837027027027022e-06, "data_time": 0.027711868286132812, "loss": 61.80327606201172, "loss_inv": 1.6133685111999512, "loss_var": 0.0, "loss_cov": 21.46906280517578, "time": 0.40346384048461914, "epoch": 1, "iter": 27, "memory": 17070, "step": 27}
{"lr": 8.137297297297291e-06, "data_time": 0.05576610565185547, "loss": 61.341712951660156, "loss_inv": 1.6568329334259033, "loss_var": 0.0, "loss_cov": 19.92089080810547, "time": 0.4323444366455078, "epoch": 1, "iter": 28, "memory": 17070, "step": 28}
{"lr": 8.43756756756756e-06, "data_time": 0.06081724166870117, "loss": 61.2413444519043, "loss_inv": 1.631833791732788, "loss_var": 0.0, "loss_cov": 20.445499420166016, "time": 0.43642735481262207, "epoch": 1, "iter": 29, "memory": 17070, "step": 29}
{"lr": 8.73783783783783e-06, "data_time": 0.031203508377075195, "loss": 61.33172607421875, "loss_inv": 1.6916215419769287, "loss_var": 0.0, "loss_cov": 19.04118537902832, "time": 0.4104578495025635, "epoch": 1, "iter": 30, "memory": 17070, "step": 30}
{"lr": 9.038108108108098e-06, "data_time": 0.03845548629760742, "loss": 59.918235778808594, "loss_inv": 1.6345195770263672, "loss_var": 0.0, "loss_cov": 19.055246353149414, "time": 0.41750574111938477, "epoch": 1, "iter": 31, "memory": 17070, "step": 31}
{"lr": 9.338378378378367e-06, "data_time": 0.07695460319519043, "loss": 60.72952651977539, "loss_inv": 1.6524474620819092, "loss_var": 0.0, "loss_cov": 19.418338775634766,