{"lr": 3e-08, "data_time": 6.572402238845825, "loss": 63.95466613769531, "loss_inv": 1.6578521728515625, "loss_var": 0.0, "loss_cov": 22.508359909057617, "time": 6.974594354629517, "epoch": 1, "iter": 1, "memory": 17045, "step": 1}
{"lr": 3.0599999999999995e-06, "data_time": 0.6397411823272705, "loss": 63.58493423461914, "loss_inv": 1.6080384254455566, "loss_var": 0.0, "loss_cov": 23.38397216796875, "time": 1.0218665599822998, "epoch": 1, "iter": 2, "memory": 17070, "step": 2}
{"lr": 6.089999999999999e-06, "data_time": 0.032674312591552734, "loss": 63.59587860107422, "loss_inv": 1.6811937093734741, "loss_var": 0.0, "loss_cov": 21.566036224365234, "time": 0.40697813034057617, "epoch": 1, "iter": 3, "memory": 17070, "step": 3}
{"lr": 9.119999999999999e-06, "data_time": 0.41596221923828125, "loss": 61.968990325927734, "loss_inv": 1.6506541967391968, "loss_var": 0.0, "loss_cov": 20.70263671875, "time": 0.7900500297546387, "epoch": 1, "iter": 4, "memory": 17070, "step": 4}
{"lr": 1.215e-05, "data_time": 0.04053211212158203, "loss": 59.15827178955078, "loss_inv": 1.5819246768951416, "loss_var": 0.0, "loss_cov": 19.610153198242188, "time": 0.4148368835449219, "epoch": 1, "iter": 5, "memory": 17070, "step": 5}
{"lr": 1.518e-05, "data_time": 0.026698589324951172, "loss": 62.669647216796875, "loss_inv": 1.6617177724838257, "loss_var": 0.0, "loss_cov": 21.12670135498047, "time": 0.4009387493133545, "epoch": 1, "iter": 6, "memory": 17070, "step": 6}
{"lr": 1.821e-05, "data_time": 0.028798341751098633, "loss": 63.284912109375, "loss_inv": 1.6629939079284668, "loss_var": 0.0, "loss_cov": 21.71006202697754, "time": 0.4120965003967285, "epoch": 1, "iter": 7, "memory": 17070, "step": 7}
{"lr": 2.124e-05, "data_time": 0.028594017028808594, "loss": 62.77818298339844, "loss_inv": 1.6448049545288086, "loss_var": 0.0, "loss_cov": 21.658058166503906, "time": 0.41097545623779297, "epoch": 1, "iter": 8, "memory": 17070, "step": 8}
{"lr": 2.427e-05, "data_time": 0.034296274185180664, "loss": 60.19432830810547, "loss_inv": 1.6468901634216309, "loss_var": 0.0, "loss_cov": 19.02207374572754, "time": 0.41315364837646484, "epoch": 1, "iter": 9, "memory": 17070, "step": 9}
{"lr": 2.73e-05, "data_time": 0.2944142818450928, "loss": 60.91107177734375, "loss_inv": 1.6768333911895752, "loss_var": 0.0, "loss_cov": 18.990238189697266, "time": 0.677588939666748, "epoch": 1, "iter": 10, "memory": 17070, "step": 10}
{"lr": 3.033e-05, "data_time": 0.033690452575683594, "loss": 60.140750885009766, "loss_inv": 1.6004974842071533, "loss_var": 0.0, "loss_cov": 20.128314971923828, "time": 0.4156527519226074, "epoch": 1, "iter": 11, "memory": 17070, "step": 11}
{"lr": 3.336e-05, "data_time": 0.028470754623413086, "loss": 60.933998107910156, "loss_inv": 1.663245439529419, "loss_var": 0.0, "loss_cov": 19.352863311767578, "time": 0.40953660011291504, "epoch": 1, "iter": 12, "memory": 17070, "step": 12}
{"lr": 3.6389999999999995e-05, "data_time": 0.03068685531616211, "loss": 60.908573150634766, "loss_inv": 1.7135200500488281, "loss_var": 0.0, "loss_cov": 18.070571899414062, "time": 0.4115409851074219, "epoch": 1, "iter": 13, "memory": 17070, "step": 13}
{"lr": 3.941999999999999e-05, "data_time": 0.11122655868530273, "loss": 58.490997314453125, "loss_inv": 1.5923796892166138, "loss_var": 0.0, "loss_cov": 18.681503295898438, "time": 0.49217820167541504, "epoch": 1, "iter": 14, "memory": 17070, "step": 14}
{"lr": 4.244999999999999e-05, "data_time": 0.02824115753173828, "loss": 59.00580596923828, "loss_inv": 1.6403727531433105, "loss_var": 0.0, "loss_cov": 17.996488571166992, "time": 0.40959882736206055, "epoch": 1, "iter": 15, "memory": 17070, "step": 15}
{"lr": 4.547999999999999e-05, "data_time": 0.03901529312133789, "loss": 58.460853576660156, "loss_inv": 1.6414999961853027, "loss_var": 0.0, "loss_cov": 17.42335319519043, "time": 0.41867804527282715, "epoch": 1, "iter": 16, "memory": 17070, "step": 16}
