{
  "train": {
    "top1_accuracy": 0.6884463577344084,
    "top2_accuracy": 0.8761818597576131,
    "top1_balanced_accuracy": 0.7728098531784939,
    "top2_balanced_accuracy": 0.9110235426740528,
    "precision": 0.7353832441753235,
    "f1": 0.6912101637462036,
    "n_samples": 100583
  },
  "val": {
    "top1_accuracy": 0.6563152764238964,
    "top2_accuracy": 0.8603954880935802,
    "top1_balanced_accuracy": 0.7212895422706921,
    "top2_balanced_accuracy": 0.8819964375218219,
    "precision": 0.7079505893553644,
    "f1": 0.6617929753386835,
    "n_samples": 14362
  },
  "classes": [
    "B",
    "CD4",
    "CD8",
    "Cytotoxic CD8",
    "DC",
    "Endothelial",
    "Epithelial",
    "Lymphatic",
    "M1",
    "M2",
    "Mast",
    "Monocyte",
    "NK",
    "Neutrophil",
    "Other",
    "TReg",
    "Tumor"
  ],
  "n_classes": 17,
  "feature_dim": 1312
}