{"lr": 3e-05, "data_time": 59.45911765098572, "loss": 4.814181327819824, "time": 59.649028301239014, "epoch": 1, "iter": 1, "memory": 4076, "step": 1}
{"lr": 0.015817894736842107, "data_time": 0.49625587463378906, "loss": 4.723453998565674, "time": 0.6734521389007568, "epoch": 1, "iter": 2, "memory": 4085, "step": 2}
{"lr": 0.03160578947368421, "data_time": 0.16005706787109375, "loss": 4.7217254638671875, "time": 0.32486701011657715, "epoch": 1, "iter": 3, "memory": 4085, "step": 3}
{"lr": 0.04739368421052632, "data_time": 0.3591346740722656, "loss": 4.75998592376709, "time": 0.5190351009368896, "epoch": 1, "iter": 4, "memory": 4085, "step": 4}
{"lr": 0.06318157894736844, "data_time": 0.33487725257873535, "loss": 4.83524227142334, "time": 0.489703893661499, "epoch": 1, "iter": 5, "memory": 4085, "step": 5}
{"lr": 0.07896947368421055, "data_time": 0.08775615692138672, "loss": 4.779942512512207, "time": 0.28594541549682617, "epoch": 1, "iter": 6, "memory": 4085, "step": 6}
{"lr": 0.09475736842105265, "data_time": 0.3411140441894531, "loss": 4.769819736480713, "time": 0.5090014934539795, "epoch": 1, "iter": 7, "memory": 4085, "step": 7}
{"lr": 0.11054526315789474, "data_time": 0.13648080825805664, "loss": 4.768218040466309, "time": 0.2948341369628906, "epoch": 1, "iter": 8, "memory": 4085, "step": 8}
{"lr": 0.12633315789473684, "data_time": 0.12188982963562012, "loss": 4.643070697784424, "time": 0.27918124198913574, "epoch": 1, "iter": 9, "memory": 4085, "step": 9}
{"lr": 0.14212105263157895, "data_time": 0.016838550567626953, "loss": 4.636609077453613, "time": 0.1766040325164795, "epoch": 1, "iter": 10, "memory": 4085, "step": 10}
{"lr": 0.15790894736842107, "data_time": 0.046208858489990234, "loss": 4.833307266235352, "time": 0.2032785415649414, "epoch": 1, "iter": 11, "memory": 4085, "step": 11}
{"lr": 0.17369684210526318, "data_time": 0.07050132751464844, "loss": 4.730109214782715, "time": 0.23087596893310547, "epoch": 1, "iter": 12, "memory": 4085, "step": 12}
{"lr": 0.1894847368421053, "data_time": 0.07590484619140625, "loss": 4.605780601501465, "time": 0.23296046257019043, "epoch": 1, "iter": 13, "memory": 4085, "step": 13}
{"lr": 0.2052726315789474, "data_time": 0.11991286277770996, "loss": 4.6104230880737305, "time": 0.2792210578918457, "epoch": 1, "iter": 14, "memory": 4085, "step": 14}
{"lr": 0.2210605263157895, "data_time": 0.1850292682647705, "loss": 4.543283939361572, "time": 0.34323573112487793, "epoch": 1, "iter": 15, "memory": 4085, "step": 15}
{"lr": 0.23684842105263162, "data_time": 0.050980567932128906, "loss": 4.516668796539307, "time": 0.20755815505981445, "epoch": 1, "iter": 16, "memory": 4085, "step": 16}
{"lr": 0.25263631578947376, "data_time": 4.939937591552734, "loss": 4.525090217590332, "time": 5.129584074020386, "epoch": 1, "iter": 17, "memory": 4085, "step": 17}
{"lr": 0.2684242105263159, "data_time": 0.04933667182922363, "loss": 4.503942966461182, "time": 0.21863937377929688, "epoch": 1, "iter": 18, "memory": 4085, "step": 18}
{"lr": 0.284212105263158, "data_time": 0.08747243881225586, "loss": 4.406014442443848, "time": 0.24471259117126465, "epoch": 1, "iter": 19, "memory": 4085, "step": 19}
{"lr": 0.30000000000000004, "data_time": 0.3051772117614746, "loss": 4.42102575302124, "time": 0.48990821838378906, "epoch": 1, "iter": 20, "memory": 4085, "step": 20}
{"lr": 0.30000000000000004, "data_time": 0.02349090576171875, "loss": 4.391231536865234, "time": 0.19512104988098145, "epoch": 1, "iter": 21, "memory": 4085, "step": 21}
{"lr": 0.29989591989249764, "data_time": 0.04628467559814453, "loss": 4.298994064331055, "time": 0.20623445510864258, "epoch": 1, "iter": 22, "memory": 4085, "step": 22}
{"lr": 0.2995838400539723, "data_time": 0.018998146057128906, "loss": 4.376947402954102, "time": 0.18074440956115723, "epoch": 1, "iter": 23, "memory": 4085, "step": 23}
{"lr": 0.2990642416889151, "data_time": 0.021654367446899414, "loss": 4.237403392791748, "time": 0.18326783180236816, "epoch": 1, "iter": 24, "memory": 4085, "step": 24}
{"lr": 0.2983379259803436, "data_time": 0.015012741088867188, "loss": 4.088497161865234, "time": 0.17181015014648438, "epoch": 1, "iter": 25, "memory": 4085, "step": 25}
{"lr": 0.29740601285443613, "data_time": 0.016590356826782227, "loss": 4.170578479766846, "time": 0.17836618423461914, "epoch": 1, "iter": 26, "memory": 4085, "step": 26}
{"lr": 0.2962699392536863, "data_time": 0.024122238159179688, "loss": 4.107569217681885, "time": 0.1838057041168213, "epoch": 1, "iter": 27, "memory": 4085, "step": 27}
{"lr": 0.29493145692124234, "data_time": 0.0498046875, "loss": 4.095745086669922, "time": 0.20926237106323242, "epoch": 1, "iter": 28, "memory": 4085, "step": 28}
{"lr": 0.2933926296998457, "data_time": 0.04997110366821289, "loss": 4.0924272537231445, "time": 0.20934128761291504, "epoch": 1, "iter": 29, "memory": 4085, "step": 29}
{"lr": 0.29165583034953524, "data_time": 0.02921438217163086, "loss": 4.112882137298584, "time": 0.18715286254882812, "epoch": 1, "iter": 30, "memory": 4085, "step": 30}
{"lr": 0.28972373688902353, "data_time": 0.04869365692138672, "loss": 4.088931083679199, "time": 0.20671582221984863, "epoch": 1, "iter": 31, "memory": 4085, "step": 31}
{"lr": 0.2875993284663858, "data_time": 0.012685060501098633, "loss": 4.017970085144043, "time": 0.17044448852539062, "epoch": 1, "iter": 32, "memory": 4085, "step": 32}
{"lr": 0.2852858807654295, "data_time": 4.649147272109985, "loss": 3.9476449489593506, "time": 4.811933279037476, "epoch": 1, "iter": 33, "memory": 4085, "step": 33}
{"lr": 0.28278696095482747, "data_time": 0.03645443916320801, "loss": 4.017660140991211, "time": 0.19945263862609863, "epoch": 1, "iter": 34, "memory": 4085, "step": 34}
{"lr": 0.28010642218780224, "data_time": 0.16080999374389648, "loss": 3.958395481109619, "time": 0.31908702850341797, "epoch": 1, "iter": 35, "memory": 4085, "step": 35}
{"lr": 0.2772483976608434, "data_time": 0.0901632308959961, "loss": 3.9065656661987305, "time": 0.27373647689819336, "epoch": 1, "iter": 36, "memory": 4085, "step": 36}
{"lr": 0.2742172942406177, "data_time": 0.25018787384033203, "loss": 4.045083045959473, "time": 0.42562150955200195, "epoch": 1, "iter": 37, "memory": 4085, "step": 37}
{"lr": 0.27101778566890034, "data_time": 0.010711193084716797, "loss": 3.854095697402954, "time": 0.17569756507873535, "epoch": 1, "iter": 38, "memory": 4085, "step": 38}
{"lr": 0.26765480535600394, "data_time": 0.012963533401489258, "loss": 3.924870729446411, "time": 0.1790332794189453, "epoch": 1, "iter": 39, "memory": 4085, "step": 39}
{"lr": 0.2641335387738173, "data_time": 0.012853384017944336, "loss": 3.8582000732421875, "time": 0.17846155166625977, "epoch": 1, "iter": 40, "memory": 4085, "step": 40}
{"lr": 0.26045941546018364, "data_time": 0.0128326416015625, "loss": 3.8561861515045166, "time": 0.1785135269165039, "epoch": 1, "iter": 41, "memory": 4085, "step": 41}
{"lr": 0.2566381006469469, "data_time": 0.02229166030883789, "loss": 3.870047092437744, "time": 0.18790507316589355, "epoch": 1, "iter": 42, "memory": 4085, "step": 42}
{"lr": 0.2526754865245746, "data_time": 0.01313018798828125, "loss": 3.806858539581299, "time": 0.1781480312347412, "epoch": 1, "iter": 43, "memory": 4085, "step": 43}
{"lr": 0.24857768315682738, "data_time": 0.05834031105041504, "loss": 3.7972307205200195, "time": 0.22510981559753418, "epoch": 1, "iter": 44, "memory": 4085, "step": 44}
{"lr": 0.24435100905948368, "data_time": 0.013086795806884766, "loss": 3.9142556190490723, "time": 0.17822813987731934, "epoch": 1, "iter": 45, "memory": 4085, "step": 45}
{"lr": 0.24000198145764612, "data_time": 0.013169288635253906, "loss": 3.8377647399902344, "time": 0.17891716957092285, "epoch": 1, "iter": 46, "memory": 4085, "step": 46}
{"lr": 0.23553730623665292, "data_time": 0.051355838775634766, "loss": 3.801362991333008, "time": 0.21726536750793457, "epoch": 1, "iter": 47, "memory": 4085, "step": 47}
{"lr": 0.23096386760208878, "data_time": 0.013969182968139648,