{
  "train": {
    "top1_accuracy": 0.6883867055068948,
    "top2_accuracy": 0.876649135539803,
    "top1_balanced_accuracy": 0.7714965987790543,
    "top2_balanced_accuracy": 0.9103580565934878,
    "precision": 0.7346564537354536,
    "f1": 0.6915247321281625,
    "n_samples": 100583
  },
  "val": {
    "top1_accuracy": 0.6604929675532656,
    "top2_accuracy": 0.8651998328923548,
    "top1_balanced_accuracy": 0.7235011122261453,
    "top2_balanced_accuracy": 0.888531599224388,
    "precision": 0.7099864130095938,
    "f1": 0.6655433278598464,
    "n_samples": 14362
  },
  "classes": [
    "B",
    "CD4",
    "CD8",
    "Cytotoxic CD8",
    "DC",
    "Endothelial",
    "Epithelial",
    "Lymphatic",
    "M1",
    "M2",
    "Mast",
    "Monocyte",
    "NK",
    "Neutrophil",
    "Other",
    "TReg",
    "Tumor"
  ],
  "n_classes": 17,
  "feature_dim": 1312
}