{"lr": 3e-05, "data_time": 3.9111175537109375, "loss": 5.408447742462158, "time": 4.274129152297974, "epoch": 1, "iter": 1, "memory": 12590, "step": 1}
{"lr": 0.0750225, "data_time": 0.8203740119934082, "loss": 5.363832473754883, "time": 1.1796014308929443, "epoch": 1, "iter": 2, "memory": 12658, "step": 2}
{"lr": 0.150015, "data_time": 0.014920234680175781, "loss": 5.4575629234313965, "time": 0.3760242462158203, "epoch": 1, "iter": 3, "memory": 12658, "step": 3}
{"lr": 0.2250075, "data_time": 0.19407367706298828, "loss": 5.305562973022461, "time": 0.5574517250061035, "epoch": 1, "iter": 4, "memory": 12658, "step": 4}
{"lr": 0.3, "data_time": 0.04683208465576172, "loss": 5.375932693481445, "time": 0.4127964973449707, "epoch": 1, "iter": 5, "memory": 12658, "step": 5}
{"lr": 0.3, "data_time": 0.20444989204406738, "loss": 5.406035423278809, "time": 0.5662524700164795, "epoch": 1, "iter": 6, "memory": 12658, "step": 6}
{"lr": 0.2933926296998458, "data_time": 0.017118453979492188, "loss": 5.323784828186035, "time": 0.38877010345458984, "epoch": 1, "iter": 7, "memory": 12658, "step": 7}
{"lr": 0.2742172942406179, "data_time": 0.014812231063842773, "loss": 5.239523887634277, "time": 0.3730432987213135, "epoch": 1, "iter": 8, "memory": 12658, "step": 8}
{"lr": 0.2443510090594839, "data_time": 0.020261287689208984, "loss": 5.112505912780762, "time": 0.376126766204834, "epoch": 1, "iter": 9, "memory": 12658, "step": 9}
{"lr": 0.2067172942406179, "data_time": 0.013768196105957031, "loss": 5.020179748535156, "time": 0.3733062744140625, "epoch": 1, "iter": 10, "memory": 12658, "step": 10}
{"lr": 0.165, "data_time": 0.03496408462524414, "loss": 5.085441589355469, "time": 0.37239813804626465, "epoch": 1, "iter": 11, "memory": 12658, "step": 11}
{"lr": 0.12328270575938212, "data_time": 0.014838695526123047, "loss": 4.872298240661621, "time": 0.3726375102996826, "epoch": 1, "iter": 12, "memory": 12658, "step": 12}
{"lr": 0.08564899094051615, "data_time": 0.013501167297363281, "loss": 4.9164934158325195, "time": 0.3611485958099365, "epoch": 1, "iter": 13, "memory": 12658, "step": 13}
{"lr": 0.055782705759382115, "data_time": 0.0328516960144043, "loss": 4.846390724182129, "time": 0.3950533866882324, "epoch": 1, "iter": 14, "memory": 12658, "step": 14}
{"lr": 0.03660737030015428, "data_time": 0.015121221542358398, "loss": 4.86596155166626, "time": 0.38197851181030273, "epoch": 1, "iter": 15, "memory": 12658, "step": 15}
