{"lr": 3e-05, "data_time": 65.27870082855225, "loss": 6.982928276062012, "time": 66.03473401069641, "epoch": 1, "iter": 1, "memory": 11575, "step": 1}
{"lr": 0.015817894736842107, "data_time": 0.22680068016052246, "loss": 7.026975631713867, "time": 0.755241870880127, "epoch": 1, "iter": 2, "memory": 11576, "step": 2}
{"lr": 0.03160578947368421, "data_time": 0.03484153747558594, "loss": 7.019331932067871, "time": 0.5148496627807617, "epoch": 1, "iter": 3, "memory": 11576, "step": 3}
{"lr": 0.04739368421052632, "data_time": 0.20520472526550293, "loss": 7.026805877685547, "time": 0.6781463623046875, "epoch": 1, "iter": 4, "memory": 11576, "step": 4}
{"lr": 0.06318157894736844, "data_time": 0.10724115371704102, "loss": 7.009536266326904, "time": 0.5888442993164062, "epoch": 1, "iter": 5, "memory": 11576, "step": 5}
{"lr": 0.07896947368421055, "data_time": 0.14032387733459473, "loss": 7.024521350860596, "time": 0.6100168228149414, "epoch": 1, "iter": 6, "memory": 11576, "step": 6}
{"lr": 0.09475736842105265, "data_time": 0.05462503433227539, "loss": 6.95006799697876, "time": 0.5721285343170166, "epoch": 1, "iter": 7, "memory": 11576, "step": 7}
{"lr": 0.11054526315789474, "data_time": 0.08934307098388672, "loss": 7.070032119750977, "time": 0.6298301219940186, "epoch": 1, "iter": 8, "memory": 11576, "step": 8}
{"lr": 0.12633315789473684, "data_time": 0.015336751937866211, "loss": 7.022347927093506, "time": 0.5204892158508301, "epoch": 1, "iter": 9, "memory": 11576, "step": 9}
{"lr": 0.14212105263157895, "data_time": 0.019426584243774414, "loss": 6.98150634765625, "time": 0.5008549690246582, "epoch": 1, "iter": 10, "memory": 11576, "step": 10}
{"lr": 0.15790894736842107, "data_time": 0.014625072479248047, "loss": 7.010721206665039, "time": 0.48850560188293457, "epoch": 1, "iter": 11, "memory": 11576, "step": 11}
{"lr": 0.17369684210526318, "data_time": 0.01645183563232422, "loss": 6.932986259460449, "time": 0.4916348457336426, "epoch": 1, "iter": 12, "memory": 11576, "step": 12}
{"lr": 0.1894847368421053, "data_time": 0.015240192413330078, "loss": 6.958517074584961, "time": 0.4910571575164795, "epoch": 1, "iter": 13, "memory": 11576, "step": 13}
{"lr": 0.2052726315789474, "data_time": 0.03333592414855957, "loss": 6.978303909301758, "time": 0.5099382400512695, "epoch": 1, "iter": 14, "memory": 11576, "step": 14}
{"lr": 0.2210605263157895, "data_time": 0.014840364456176758, "loss": 6.879922866821289, "time": 0.49253296852111816, "epoch": 1, "iter": 15, "memory": 11576, "step": 15}
{"lr": 0.23684842105263162, "data_time": 0.021109819412231445, "loss": 6.907601356506348, "time": 0.49965333938598633, "epoch": 1, "iter": 16, "memory": 11576, "step": 16}
{"lr": 0.25263631578947376, "data_time": 7.102723121643066, "loss": 6.899275779724121, "time": 7.583002090454102, "epoch": 1, "iter": 17, "memory": 11576, "step": 17}
{"lr": 0.2684242105263159, "data_time": 0.04075360298156738, "loss": 6.8804473876953125, "time": 0.5239944458007812, "epoch": 1, "iter": 18, "memory": 11576, "step": 18}
{"lr": 0.284212105263158, "data_time": 0.015317201614379883, "loss": 6.8522562980651855, "time": 0.49188232421875, "epoch": 1, "iter": 19, "memory": 11576, "step": 19}
{"lr": 0.30000000000000004, "data_time": 0.19475913047790527, "loss": 6.7944488525390625, "time": 0.6755936145782471, "epoch": 1, "iter": 20, "memory": 11576, "step": 20}
{"lr": 0.30000000000000004, "data_time": 0.060272216796875, "loss": 6.7259931564331055, "time": 0.5588595867156982, "epoch": 1, "iter": 21, "memory": 11576, "step": 21}
{"lr": 0.29989591989249764, "data_time": 0.014330863952636719, "loss": 6.75570011138916, "time": 0.4815084934234619, "epoch": 1, "iter": 22, "memory": 11576, "step": 22}
{"lr": 0.2995838400539723, "data_time": 0.017414093017578125, "loss": 6.68955135345459, "time": 0.486006498336792, "epoch": 1, "iter": 23, "memory": 11576, "step": 23}
{"lr": 0.2990642416889151, "data_time": 0.017192840576171875, "loss": 6.610037326812744, "time": 0.48395800590515137, "epoch": 1, "iter": 24, "memory": 11576, "step": 24}
{"lr": 0.2983379259803436, "data_time": 0.016803264617919922, "loss": 6.53507661819458, "time": 0.4951317310333252, "epoch": 1, "iter": 25, "memory": 11576, "step": 25}
{"lr": 0.29740601285443613, "data_time": 0.04058074951171875, "loss": 6.547695159912109, "time": 0.5406599044799805, "epoch": 1, "iter": 26, "memory": 11576, "step": 26}
{"lr": 0.2962699392536863, "data_time": 0.01544189453125, "loss": 6.489142417907715, "time": 0.4848499298095703, "epoch": 1, "iter": 27, "memory": 11576, "step": 27}
{"lr": 0.29493145692124234, "data_time": 0.03648829460144043, "loss": 6.440494060516357, "time": 0.5253298282623291, "epoch": 1, "iter": 28, "memory": 11576, "step": 28}
{"lr": 0.2933926296998457, "data_time": 0.015856027603149414, "loss": 6.406881332397461, "time": 0.5079479217529297, "epoch": 1, "iter": 29, "memory": 11576, "step": 29}
{"lr": 0.29165583034953524, "data_time": 0.037867069244384766, "loss": 6.470958709716797, "time": 0.5359578132629395, "epoch": 1, "iter": 30, "memory": 11576, "step": 30}
{"lr": 0.28972373688902353, "data_time": 0.014334678649902344, "loss": 6.251067161560059, "time": 0.4901151657104492, "epoch": 1, "iter": 31, "memory": 11576, "step": 31}
{"lr": 0.2875993284663858, "data_time": 0.042099714279174805, "loss": 6.213513374328613, "time": 0.5123558044433594, "epoch": 1, "iter": 32, "memory": 11576, "step": 32}
{"lr": 0.2852858807654295, "data_time": 7.711642503738403, "loss": 6.161982536315918, "time": 8.209745168685913, "epoch": 1, "iter": 33, "memory": 11576, "step": 33}
{"lr": 0.28278696095482747, "data_time": 0.041654109954833984, "loss": 6.160902976989746, "time": 0.5207769870758057, "epoch": 1, "iter": 34, "memory": 11576, "step": 34}
{"lr": 0.28010642218780224, "data_time": 0.01570606231689453, "loss": 6.211578369140625, "time": 0.49353766441345215, "epoch": 1, "iter": 35, "memory": 11576, "step": 35}
{"lr": 0.2772483976608434, "data_time": 0.1069495677947998, "loss": 6.1312947273254395, "time": 0.5887727737426758, "epoch": 1, "iter": 36, "memory": 11576, "step": 36}
{"lr": 0.2742172942406177, "data_time": 0.15789365768432617, "loss": 6.08001708984375, "time": 0.6682488918304443, "epoch": 1, "iter": 37, "memory": 11576, "step": 37}
{"lr": 0.27101778566890034, "data_time": 0.029058456420898438, "loss": 6.022121429443359, "time": 0.5411393642425537, "epoch": 1, "iter": 38, "memory": 11576, "step": 38}
{"lr": 0.26765480535600394, "data_time": 0.01702404022216797, "loss": 6.0917510986328125, "time": 0.5115623474121094, "epoch": 1, "iter": 39, "memory": 11576, "step": 39}
{"lr": 0.2641335387738173, "data_time": 0.08517026901245117, "loss": 6.015757083892822, "time": 0.5686578750610352, "epoch": 1, "iter": 40, "memory": 11576, "step": 40}
{"lr": 0.26045941546018364, "data_time": 0.03716468811035156, "loss": 6.0103044509887695, "time": 0.5205628871917725, "epoch": 1, "iter": 41, "memory": 11576, "step": 41}
{"lr": 0.2566381006469469, "data_time": 0.05609488487243652, "loss": 5.965488433837891, "time": 0.5398766994476318, "epoch": 1, "iter": 42, "memory": 11576, "step": 42}
{"lr": 0.2526754865245746, "data_time": 0.03780412673950195, "loss": 5.934145450592041, "time": 0.5283033847808838, "epoch": 1, "iter": 43, "memory": 11576, "step": 43}
{"lr": 0.24857768315682738, "data_time": 0.05376410484313965, "loss": 5.932339668273926, "time": 0.5296554565429688, "epoch": 1, "iter": 44, "memory": 11576, "step": 44}
{"lr": 0.24435100905948368, "data_time": 0.05295538902282715, "loss": 5.987998008728027, "time": 0.5299670696258545, "epoch": 1, "iter": 45, "memory": 11576, "step": 45}
{"lr": 0.24000198145764612, "data_time": 0.052797794342041016, "loss": 5.987719535827637, "time": 0.5289411544799805, "epoch": 1, "iter": 46, "memory": 11576, "step": 46}
{"lr": 0.23553730623665292, "data_time": 0.03631114959716797, "loss": 5.848330497741699, "time": 0.5142090320587158, "epoch": 1, "iter": 47, "memory": 11576, "step": 47}
{"lr": 0.23096386760208878,