{"lr": 3e-08, "data_time": 6.717374801635742, "loss": 63.50104522705078, "loss_inv": 1.598016381263733, "loss_var": 0.0, "loss_cov": 23.550634384155273, "time": 6.967190265655518, "epoch": 1, "iter": 1, "memory": 8558, "step": 1}
{"lr": 7.50225e-05, "data_time": 0.6705787181854248, "loss": 65.53581237792969, "loss_inv": 1.6276973485946655, "loss_var": 0.0, "loss_cov": 24.8433780670166, "time": 0.9004528522491455, "epoch": 1, "iter": 2, "memory": 8568, "step": 2}
{"lr": 0.00015001499999999998, "data_time": 0.0287933349609375, "loss": 62.05286407470703, "loss_inv": 1.619112491607666, "loss_var": 0.0, "loss_cov": 21.575050354003906, "time": 0.2573544979095459, "epoch": 1, "iter": 3, "memory": 8568, "step": 3}
{"lr": 0.00022500749999999998, "data_time": 0.042662620544433594, "loss": 61.87255096435547, "loss_inv": 1.6992857456207275, "loss_var": 0.0, "loss_cov": 19.39040756225586, "time": 0.27191829681396484, "epoch": 1, "iter": 4, "memory": 8568, "step": 4}
{"lr": 0.0003, "data_time": 0.19438695907592773, "loss": 59.873191833496094, "loss_inv": 1.6585912704467773, "loss_var": 0.0, "loss_cov": 18.408409118652344, "time": 0.422426700592041, "epoch": 1, "iter": 5, "memory": 8568, "step": 5}
{"lr": 0.0003, "data_time": 0.02849721908569336, "loss": 59.22270965576172, "loss_inv": 1.6319615840911865, "loss_var": 0.0, "loss_cov": 18.42367172241211, "time": 0.2581205368041992, "epoch": 1, "iter": 6, "memory": 8568, "step": 6}
{"lr": 0.0002714480406590546, "data_time": 0.03136706352233887, "loss": 58.61116027832031, "loss_inv": 1.6666631698608398, "loss_var": 0.0, "loss_cov": 16.944580078125, "time": 0.2611351013183594, "epoch": 1, "iter": 7, "memory": 8568, "step": 7}
{"lr": 0.00019669804065905458, "data_time": 0.028493881225585938, "loss": 57.86931610107422, "loss_inv": 1.6722509860992432, "loss_var": 0.0, "loss_cov": 16.06304168701172, "time": 0.25751662254333496, "epoch": 1, "iter": 8, "memory": 8568, "step": 8}
{"lr": 0.00010430195934094532, "data_time": 0.030612468719482422, "loss": 57.49544143676758, "loss_inv": 1.6722960472106934, "loss_var": 0.0, "loss_cov": 15.688041687011719, "time": 0.2588016986846924, "epoch": 1, "iter": 9, "memory": 8568, "step": 9}
{"lr": 2.955195934094536e-05, "data_time": 0.028470277786254883, "loss": 56.3419189453125, "loss_inv": 1.6180509328842163, "loss_var": 0.0, "loss_cov": 15.890644073486328, "time": 0.25885534286499023, "epoch": 1, "iter": 10, "memory": 8568, "step": 10}
