{"lr": 3e-05, "data_time": 12.476174354553223, "loss": 6.766719818115234, "time": 13.291746377944946, "epoch": 1, "iter": 1, "memory": 11575, "step": 1}
{"lr": 0.015817894736842107, "data_time": 0.09779477119445801, "loss": 6.80487060546875, "time": 0.6495985984802246, "epoch": 1, "iter": 2, "memory": 11576, "step": 2}
{"lr": 0.03160578947368421, "data_time": 0.03415656089782715, "loss": 6.7610979080200195, "time": 0.5043997764587402, "epoch": 1, "iter": 3, "memory": 11576, "step": 3}
{"lr": 0.04739368421052632, "data_time": 0.2409656047821045, "loss": 6.811280250549316, "time": 0.7588040828704834, "epoch": 1, "iter": 4, "memory": 11576, "step": 4}
{"lr": 0.06318157894736844, "data_time": 0.03878426551818848, "loss": 6.765438079833984, "time": 0.5527896881103516, "epoch": 1, "iter": 5, "memory": 11576, "step": 5}
{"lr": 0.07896947368421055, "data_time": 0.08688187599182129, "loss": 6.79061222076416, "time": 0.6223208904266357, "epoch": 1, "iter": 6, "memory": 11576, "step": 6}
{"lr": 0.09475736842105265, "data_time": 0.047710418701171875, "loss": 6.810527801513672, "time": 0.5592563152313232, "epoch": 1, "iter": 7, "memory": 11576, "step": 7}
{"lr": 0.11054526315789474, "data_time": 0.03613781929016113, "loss": 6.793857574462891, "time": 0.5398900508880615, "epoch": 1, "iter": 8, "memory": 11576, "step": 8}
{"lr": 0.12633315789473684, "data_time": 0.1453697681427002, "loss": 6.754072189331055, "time": 0.6827659606933594, "epoch": 1, "iter": 9, "memory": 11576, "step": 9}
{"lr": 0.14212105263157895, "data_time": 0.037283897399902344, "loss": 6.698975563049316, "time": 0.5382735729217529, "epoch": 1, "iter": 10, "memory": 11576, "step": 10}
{"lr": 0.15790894736842107, "data_time": 0.03720736503601074, "loss": 6.742499351501465, "time": 0.5556330680847168, "epoch": 1, "iter": 11, "memory": 11576, "step": 11}
{"lr": 0.17369684210526318, "data_time": 0.036484718322753906, "loss": 6.753774642944336, "time": 0.5338156223297119, "epoch": 1, "iter": 12, "memory": 11576, "step": 12}
{"lr": 0.1894847368421053, "data_time": 0.03481483459472656, "loss": 6.721141815185547, "time": 0.5080225467681885, "epoch": 1, "iter": 13, "memory": 11576, "step": 13}
{"lr": 0.2052726315789474, "data_time": 0.039727210998535156, "loss": 6.697927474975586, "time": 0.5538637638092041, "epoch": 1, "iter": 14, "memory": 11576, "step": 14}
{"lr": 0.2210605263157895, "data_time": 0.03694605827331543, "loss": 6.703978538513184, "time": 0.5349621772766113, "epoch": 1, "iter": 15, "memory": 11576, "step": 15}
{"lr": 0.23684842105263162, "data_time": 0.0665898323059082, "loss": 6.693443298339844, "time": 0.5475497245788574, "epoch": 1, "iter": 16, "memory": 11576, "step": 16}
{"lr": 0.25263631578947376, "data_time": 6.125501871109009, "loss": 6.655343532562256, "time": 6.642146587371826, "epoch": 1, "iter": 17, "memory": 11576, "step": 17}
{"lr": 0.2684242105263159, "data_time": 0.14203572273254395, "loss": 6.598269462585449, "time": 0.6183736324310303, "epoch": 1, "iter": 18, "memory": 11576, "step": 18}
{"lr": 0.284212105263158, "data_time": 0.06671285629272461, "loss": 6.588626861572266, "time": 0.6312432289123535, "epoch": 1, "iter": 19, "memory": 11576, "step": 19}
{"lr": 0.30000000000000004, "data_time": 0.3291034698486328, "loss": 6.615546226501465, "time": 0.8049371242523193, "epoch": 1, "iter": 20, "memory": 11576, "step": 20}
{"lr": 0.30000000000000004, "data_time": 0.030599355697631836, "loss": 6.442522048950195, "time": 0.49813055992126465, "epoch": 1, "iter": 21, "memory": 11576, "step": 21}
{"lr": 0.29989591989249764, "data_time": 0.022810697555541992, "loss": 6.4738569259643555, "time": 0.5397005081176758, "epoch": 1, "iter": 22, "memory": 11576, "step": 22}
{"lr": 0.2995838400539723, "data_time": 0.028313159942626953, "loss": 6.521694660186768, "time": 0.5024142265319824, "epoch": 1, "iter": 23, "memory": 11576, "step": 23}
{"lr": 0.2990642416889151, "data_time": 0.014601945877075195, "loss": 6.423546314239502, "time": 0.4921581745147705, "epoch": 1, "iter": 24, "memory": 11576, "step": 24}
{"lr": 0.2983379259803436, "data_time": 0.01943492889404297, "loss": 6.373838424682617, "time": 0.5518250465393066, "epoch": 1, "iter": 25, "memory": 11576, "step": 25}
{"lr": 0.29740601285443613, "data_time": 0.026586294174194336, "loss": 6.369919300079346, "time": 0.5146374702453613, "epoch": 1, "iter": 26, "memory": 11576, "step": 26}
{"lr": 0.2962699392536863, "data_time": 0.013785600662231445, "loss": 6.242856025695801, "time": 0.48167896270751953, "epoch": 1, "iter": 27, "memory": 11576, "step": 27}
{"lr": 0.29493145692124234, "data_time": 0.01436758041381836, "loss": 6.300256729125977, "time": 0.48119091987609863, "epoch": 1, "iter": 28, "memory": 11576, "step": 28}
{"lr": 0.2933926296998457, "data_time": 0.01817941665649414, "loss": 6.2191057205200195, "time": 0.5532336235046387, "epoch": 1, "iter": 29, "memory": 11576, "step": 29}
{"lr": 0.29165583034953524, "data_time": 0.11990714073181152, "loss": 6.208216667175293, "time": 0.610814094543457, "epoch": 1, "iter": 30, "memory": 11576, "step": 30}
{"lr": 0.28972373688902353, "data_time": 0.02846384048461914, "loss": 6.18599796295166, "time": 0.5571937561035156, "epoch": 1, "iter": 31, "memory": 11576, "step": 31}
{"lr": 0.2875993284663858, "data_time": 0.03093266487121582, "loss": 6.1116862297058105, "time": 0.5253033638000488, "epoch": 1, "iter": 32, "memory": 11576, "step": 32}
{"lr": 0.2852858807654295, "data_time": 7.083397388458252, "loss": 6.126890659332275, "time": 7.555791616439819, "epoch": 1, "iter": 33, "memory": 11576, "step": 33}
{"lr": 0.28278696095482747, "data_time": 0.21966552734375, "loss": 6.1668243408203125, "time": 0.7017078399658203, "epoch": 1, "iter": 34, "memory": 11576, "step": 34}
{"lr": 0.28010642218780224, "data_time": 0.014266490936279297, "loss": 6.116127967834473, "time": 0.4844520092010498, "epoch": 1, "iter": 35, "memory": 11576, "step": 35}
{"lr": 0.2772483976608434, "data_time": 0.3252732753753662, "loss": 6.061052322387695, "time": 0.830664873123169, "epoch": 1, "iter": 36, "memory": 11576, "step": 36}
{"lr": 0.2742172942406177, "data_time": 0.02443671226501465, "loss": 6.042291164398193, "time": 0.4999048709869385, "epoch": 1, "iter": 37, "memory": 11576, "step": 37}
{"lr": 0.27101778566890034, "data_time": 0.03511357307434082, "loss": 6.00844669342041, "time": 0.55096435546875, "epoch": 1, "iter": 38, "memory": 11576, "step": 38}
{"lr": 0.26765480535600394, "data_time": 0.022817373275756836, "loss": 5.945450782775879, "time": 0.5048007965087891, "epoch": 1, "iter": 39, "memory": 11576, "step": 39}
{"lr": 0.2641335387738173, "data_time": 0.013550281524658203, "loss": 5.955898284912109, "time": 0.48097944259643555, "epoch": 1, "iter": 40, "memory": 11576, "step": 40}
{"lr": 0.26045941546018364, "data_time": 0.013907670974731445, "loss": 5.951394081115723, "time": 0.4844794273376465, "epoch": 1, "iter": 41, "memory": 11576, "step": 41}
{"lr": 0.2566381006469469, "data_time": 0.02663111686706543, "loss": 5.853275775909424, "time": 0.49828028678894043, "epoch": 1, "iter": 42, "memory": 11576, "step": 42}
{"lr": 0.2526754865245746, "data_time": 0.014026641845703125, "loss": 5.872366905212402, "time": 0.48448681831359863, "epoch": 1, "iter": 43, "memory": 11576, "step": 43}
{"lr": 0.24857768315682738, "data_time": 0.025147438049316406, "loss": 5.875949859619141, "time": 0.5007636547088623, "epoch": 1, "iter": 44, "memory": 11576, "step": 44}
{"lr": 0.24435100905948368, "data_time": 0.019606351852416992, "loss": 5.893024921417236, "time": 0.5581722259521484, "epoch": 1, "iter": 45, "memory": 11576, "step": 45}
{"lr": 0.24000198145764612, "data_time": 0.0618894100189209, "loss": 5.874356269836426, "time": 0.5330915451049805, "epoch": 1, "iter": 46, "memory": 11576, "step": 46}
{"lr": 0.23553730623665292, "data_time": 0.018932580947875977, "loss": 5.823430061340332, "time": 0.5379841327667236, "epoch": 1, "iter": 47, "memory": 11576, "step": 47}
{"lr": 0.23096386760208878,