{"lr": 3e-08, "data_time": 7.301368951797485, "loss": 64.72499084472656, "loss_inv": 1.7021353244781494, "loss_var": 0.0, "loss_cov": 22.171611785888672, "time": 7.702854156494141, "epoch": 1, "iter": 1, "memory": 17045, "step": 1}
{"lr": 7.50225e-05, "data_time": 0.5681197643280029, "loss": 63.96241760253906, "loss_inv": 1.6094517707824707, "loss_var": 0.0, "loss_cov": 23.72612190246582, "time": 0.9493758678436279, "epoch": 1, "iter": 2, "memory": 17070, "step": 2}
{"lr": 0.00015001499999999998, "data_time": 0.027548789978027344, "loss": 63.56121826171875, "loss_inv": 1.6760607957839966, "loss_var": 0.0, "loss_cov": 21.659698486328125, "time": 0.4062926769256592, "epoch": 1, "iter": 3, "memory": 17070, "step": 3}
{"lr": 0.00022500749999999998, "data_time": 0.028113603591918945, "loss": 60.00440216064453, "loss_inv": 1.6370477676391602, "loss_var": 0.0, "loss_cov": 19.07820701599121, "time": 0.40952372550964355, "epoch": 1, "iter": 4, "memory": 17070, "step": 4}
{"lr": 0.0003, "data_time": 0.030981063842773438, "loss": 58.743648529052734, "loss_inv": 1.6592187881469727, "loss_var": 0.0, "loss_cov": 17.263179779052734, "time": 0.4111213684082031, "epoch": 1, "iter": 5, "memory": 17070, "step": 5}
{"lr": 0.0003, "data_time": 0.028339624404907227, "loss": 58.24749755859375, "loss_inv": 1.6651582717895508, "loss_var": 0.0, "loss_cov": 16.61854362487793, "time": 0.40925097465515137, "epoch": 1, "iter": 6, "memory": 17070, "step": 6}
{"lr": 0.0002714480406590546, "data_time": 0.027563095092773438, "loss": 57.64439392089844, "loss_inv": 1.6481425762176514, "loss_var": 0.0, "loss_cov": 16.440828323364258, "time": 0.4077751636505127, "epoch": 1, "iter": 7, "memory": 17070, "step": 7}
{"lr": 0.00019669804065905458, "data_time": 0.028072595596313477, "loss": 57.306724548339844, "loss_inv": 1.6507598161697388, "loss_var": 0.0, "loss_cov": 16.037729263305664, "time": 0.40836262702941895, "epoch": 1, "iter": 8, "memory": 17070, "step": 8}
{"lr": 0.00010430195934094532, "data_time": 0.04671049118041992, "loss": 55.632598876953125, "loss_inv": 1.6025340557098389, "loss_var": 0.0, "loss_cov": 15.56924819946289, "time": 0.42644500732421875, "epoch": 1, "iter": 9, "memory": 17070, "step": 9}
{"lr": 2.955195934094536e-05, "data_time": 0.029194116592407227, "loss": 56.07536315917969, "loss_inv": 1.6260838508605957, "loss_var": 0.0, "loss_cov": 15.42326831817627, "time": 0.4099125862121582, "epoch": 1, "iter": 10, "memory": 17070, "step": 10}
