{"lr": 3e-05, "data_time": 33.0343964099884, "loss": 6.284672737121582, "time": 34.56224012374878, "epoch": 1, "iter": 1, "memory": 14679, "step": 1}
{"lr": 0.0015373869346733669, "data_time": 0.4178292751312256, "loss": 6.319538593292236, "time": 1.714500904083252, "epoch": 1, "iter": 2, "memory": 14926, "step": 2}
{"lr": 0.0030447738693467337, "data_time": 0.12823247909545898, "loss": 6.285587310791016, "time": 1.445652961730957, "epoch": 1, "iter": 3, "memory": 14926, "step": 3}
{"lr": 0.004552160804020101, "data_time": 7.385775804519653, "loss": 6.3128814697265625, "time": 8.692138671875, "epoch": 1, "iter": 4, "memory": 14926, "step": 4}
{"lr": 0.006059547738693468, "data_time": 0.04279589653015137, "loss": 6.285454750061035, "time": 1.3122344017028809, "epoch": 1, "iter": 5, "memory": 14925, "step": 5}
{"lr": 0.0075669346733668345, "data_time": 0.0218350887298584, "loss": 6.324371337890625, "time": 1.3023874759674072, "epoch": 1, "iter": 6, "memory": 14925, "step": 6}
{"lr": 0.009074321608040201, "data_time": 0.021251201629638672, "loss": 6.332364082336426, "time": 1.2941715717315674, "epoch": 1, "iter": 7, "memory": 14925, "step": 7}
{"lr": 0.010581708542713569, "data_time": 0.024611234664916992, "loss": 6.302548408508301, "time": 1.3069791793823242, "epoch": 1, "iter": 8, "memory": 14926, "step": 8}
{"lr": 0.012089095477386937, "data_time": 0.020847082138061523, "loss": 6.31288480758667, "time": 1.3015048503875732, "epoch": 1, "iter": 9, "memory": 14925, "step": 9}
{"lr": 0.013596482412060304, "data_time": 0.024590253829956055, "loss": 6.284982681274414, "time": 1.3062832355499268, "epoch": 1, "iter": 10, "memory": 14925, "step": 10}
{"lr": 0.01510386934673367, "data_time": 0.02228689193725586, "loss": 6.365801811218262, "time": 1.2948153018951416, "epoch": 1, "iter": 11, "memory": 14925, "step": 11}
{"lr": 0.016611256281407038, "data_time": 0.021481990814208984, "loss": 6.230715274810791, "time": 1.3060996532440186, "epoch": 1, "iter": 12, "memory": 14926, "step": 12}
{"lr": 0.018118643216080404, "data_time": 0.024921655654907227, "loss": 6.321284294128418, "time": 1.3095505237579346, "epoch": 1, "iter": 13, "memory": 14925, "step": 13}
{"lr": 0.019626030150753773, "data_time": 0.02896714210510254, "loss": 6.305968284606934, "time": 1.3108274936676025, "epoch": 1, "iter": 14, "memory": 14925, "step": 14}
{"lr": 0.02113341708542714, "data_time": 0.02200794219970703, "loss": 6.322144985198975, "time": 1.3323707580566406, "epoch": 1, "iter": 15, "memory": 14925, "step": 15}
{"lr": 0.02264080402010051, "data_time": 0.02199411392211914, "loss": 6.3276824951171875, "time": 1.3030602931976318, "epoch": 1, "iter": 16, "memory": 14926, "step": 16}
{"lr": 0.024148190954773878, "data_time": 0.4711740016937256, "loss": 6.332493305206299, "time": 1.7496252059936523, "epoch": 1, "iter": 17, "memory": 14925, "step": 17}
{"lr": 0.025655577889447247, "data_time": 0.044908761978149414, "loss": 6.3366851806640625, "time": 1.3261260986328125, "epoch": 1, "iter": 18, "memory": 14925, "step": 18}
{"lr": 0.027162964824120613, "data_time": 0.2789936065673828, "loss": 6.3405914306640625, "time": 1.5505857467651367, "epoch": 1, "iter": 19, "memory": 14925, "step": 19}
{"lr": 0.028670351758793983, "data_time": 0.26288700103759766, "loss": 6.343710899353027, "time": 1.5450940132141113, "epoch": 1, "iter": 20, "memory": 14926, "step": 20}
{"lr": 0.03017773869346735, "data_time": 0.03443551063537598, "loss": 6.350165367126465, "time": 1.3277442455291748, "epoch": 1, "iter": 21, "memory": 14925, "step": 21}
{"lr": 0.03168512562814072, "data_time": 0.02914738655090332, "loss": 6.360167503356934, "time": 1.3202104568481445, "epoch": 1, "iter": 22, "memory": 14925, "step": 22}
{"lr": 0.03319251256281409, "data_time": 0.0217130184173584, "loss": 6.288362979888916, "time": 1.287689447402954, "epoch": 1, "iter": 23, "memory": 14925, "step": 23}
{"lr": 0.03469989949748746, "data_time": 0.026201486587524414, "loss": 6.342193126678467, "time": 1.2918171882629395, "epoch": 1, "iter": 24, "memory": 14926, "step": 24}
{"lr": 0.036207286432160826, "data_time": 0.021187543869018555, "loss": 6.295810699462891, "time": 1.2895228862762451, "epoch": 1, "iter": 25, "memory": 14925, "step": 25}
{"lr": 0.03771467336683419, "data_time": 0.021929264068603516, "loss": 6.288066864013672, "time": 1.2816500663757324, "epoch": 1, "iter": 26, "memory": 14925, "step": 26}
{"lr": 0.03922206030150756, "data_time": 0.021175861358642578, "loss": 6.3029985427856445, "time": 1.286397933959961, "epoch": 1, "iter": 27, "memory": 14925, "step": 27}
{"lr": 0.040729447236180924, "data_time": 0.020926713943481445, "loss": 6.313775062561035, "time": 1.284771203994751, "epoch": 1, "iter": 28, "memory": 14926, "step": 28}
{"lr": 0.04223683417085429, "data_time": 0.02099132537841797, "loss": 6.316727638244629, "time": 1.2905588150024414, "epoch": 1, "iter": 29, "memory": 14925, "step": 29}
{"lr": 0.043744221105527656, "data_time": 0.02108025550842285, "loss": 6.286341190338135, "time": 1.2906274795532227, "epoch": 1, "iter": 30, "memory": 14925, "step": 30}
{"lr": 0.04525160804020102, "data_time": 0.03152203559875488, "loss": 6.352179527282715, "time": 1.322038173675537, "epoch": 1, "iter": 31, "memory": 14925, "step": 31}
{"lr": 0.04675899497487439, "data_time": 0.023736953735351562, "loss": 6.308265686035156, "time": 1.3005168437957764, "epoch": 1, "iter": 32, "memory": 14926, "step": 32}
{"lr": 0.04826638190954776, "data_time": 0.3792550563812256, "loss": 6.291592121124268, "time": 1.6549599170684814, "epoch": 1, "iter": 33, "memory": 14925, "step": 33}
{"lr": 0.049773768844221127, "data_time": 0.024914979934692383, "loss": 6.3121795654296875, "time": 1.2811217308044434, "epoch": 1, "iter": 34, "memory": 14925, "step": 34}
{"lr": 0.05128115577889449, "data_time": 0.17792248725891113, "loss": 6.314948081970215, "time": 1.4444713592529297, "epoch": 1, "iter": 35, "memory": 14925, "step": 35}
{"lr": 0.05278854271356786, "data_time": 0.20504188537597656, "loss": 6.3171257972717285, "time": 1.5169990062713623, "epoch": 1, "iter": 36, "memory": 14926, "step": 36}
{"lr": 0.054295929648241224, "data_time": 0.025332212448120117, "loss": 6.2975616455078125, "time": 1.3173425197601318, "epoch": 1, "iter": 37, "memory": 14925, "step": 37}
{"lr": 0.05580331658291458, "data_time": 0.025018930435180664, "loss": 6.378671169281006, "time": 1.3147125244140625, "epoch": 1, "iter": 38, "memory": 14925, "step": 38}
{"lr": 0.057310703517587956, "data_time": 0.025492191314697266, "loss": 6.29306697845459, "time": 1.2927091121673584, "epoch": 1, "iter": 39, "memory": 14925, "step": 39}
{"lr": 0.05881809045226132, "data_time": 0.0209047794342041, "loss": 6.3242034912109375, "time": 1.2912123203277588, "epoch": 1, "iter": 40, "memory": 14926, "step": 40}
{"lr": 0.060325477386934695, "data_time": 0.0260465145111084, "loss": 6.339286804199219, "time": 1.3092718124389648, "epoch": 1, "iter": 41, "memory": 14925, "step": 41}
{"lr": 0.06183286432160806, "data_time": 0.021245956420898438, "loss": 6.351171493530273, "time": 1.286294937133789, "epoch": 1, "iter": 42, "memory": 14925, "step": 42}
{"lr": 0.06334025125628143, "data_time": 0.021008014678955078, "loss": 6.301364898681641, "time": 1.288538932800293, "epoch": 1, "iter": 43, "memory": 14925, "step": 43}
{"lr": 0.06484763819095479, "data_time": 0.0216062068939209, "loss": 6.302099227905273, "time": 1.3020105361938477, "epoch": 1, "iter": 44, "memory": 14926, "step": 44}
{"lr": 0.06635502512562816, "data_time": 0.08862996101379395, "loss": 6.299487113952637, "time": 1.369499683380127, "epoch": 1, "iter": 45, "memory": 14925, "step": 45}
{"lr": 0.06786241206030154, "data_time": 0.08604311943054199, "loss": 6.325336456298828, "time": 1.3548367023468018, "epoch": 1, "iter": 46, "memory": 14925, "step": 46}
{"lr": 0.0693697989949749, "data_time": 0.07808589935302734, "loss": 6.326581001281738, "time": 1.3634986877441406, "epoch": 1, "iter": 47, "memory": 14925,