{"lr": 3e-08, "data_time": 8.147770166397095, "loss": 65.00126647949219, "loss_inv": 1.6858267784118652, "loss_var": 0.0, "loss_cov": 22.855594635009766, "time": 8.34469485282898, "epoch": 1, "iter": 1, "memory": 4304, "step": 1}
{"lr": 7.50225e-05, "data_time": 0.05032610893249512, "loss": 66.19847106933594, "loss_inv": 1.6252442598342896, "loss_var": 0.0, "loss_cov": 25.567363739013672, "time": 0.2160499095916748, "epoch": 1, "iter": 2, "memory": 4310, "step": 2}
{"lr": 0.00015001499999999998, "data_time": 0.03184199333190918, "loss": 64.31147003173828, "loss_inv": 1.6659977436065674, "loss_var": 0.0, "loss_cov": 22.66152572631836, "time": 0.19701361656188965, "epoch": 1, "iter": 3, "memory": 4310, "step": 3}
{"lr": 0.00022500749999999998, "data_time": 0.20602989196777344, "loss": 64.2719955444336, "loss_inv": 1.6883735656738281, "loss_var": 0.0, "loss_cov": 22.06265640258789, "time": 0.3668196201324463, "epoch": 1, "iter": 4, "memory": 4310, "step": 4}
{"lr": 0.0003, "data_time": 0.019107580184936523, "loss": 61.66658020019531, "loss_inv": 1.6620440483093262, "loss_var": 0.0, "loss_cov": 20.115476608276367, "time": 0.17456841468811035, "epoch": 1, "iter": 5, "memory": 4310, "step": 5}
{"lr": 0.0003, "data_time": 0.07583284378051758, "loss": 60.182228088378906, "loss_inv": 1.6651623249053955, "loss_var": 0.0, "loss_cov": 18.553171157836914, "time": 0.2305009365081787, "epoch": 1, "iter": 6, "memory": 4310, "step": 6}
{"lr": 0.0002714480406590546, "data_time": 0.03721928596496582, "loss": 59.373741149902344, "loss_inv": 1.671094298362732, "loss_var": 0.0, "loss_cov": 17.596384048461914, "time": 0.1927647590637207, "epoch": 1, "iter": 7, "memory": 4310, "step": 7}
{"lr": 0.00019669804065905458, "data_time": 0.030858993530273438, "loss": 58.54388427734375, "loss_inv": 1.679288625717163, "loss_var": 0.0, "loss_cov": 16.561668395996094, "time": 0.19415640830993652, "epoch": 1, "iter": 8, "memory": 4310, "step": 8}
{"lr": 0.00010430195934094532, "data_time": 0.031167030334472656, "loss": 58.58599090576172, "loss_inv": 1.6667709350585938, "loss_var": 0.0, "loss_cov": 16.916715621948242, "time": 0.19514822959899902, "epoch": 1, "iter": 9, "memory": 4310, "step": 9}
{"lr": 2.955195934094536e-05, "data_time": 0.030443191528320312, "loss": 58.38813400268555, "loss_inv": 1.6753207445144653, "loss_var": 0.0, "loss_cov": 16.505115509033203, "time": 0.1929776668548584, "epoch": 1, "iter": 10, "memory": 4310, "step": 10}
