{"lr": 3e-08, "data_time": 5.2726218700408936, "loss": 43.08055877685547, "loss_inv": 0.04945739358663559, "loss_var": 0.0, "loss_cov": 41.84412384033203, "time": 5.670447111129761, "epoch": 1, "iter": 1, "memory": 17046, "step": 1}
{"lr": 7.50225e-05, "data_time": 0.3741583824157715, "loss": 51.64561462402344, "loss_inv": 0.05032079294323921, "loss_var": 0.0, "loss_cov": 50.387596130371094, "time": 0.7367877960205078, "epoch": 1, "iter": 2, "memory": 17071, "step": 2}
{"lr": 0.00015001499999999998, "data_time": 0.01723003387451172, "loss": 39.83405685424805, "loss_inv": 0.04525502398610115, "loss_var": 0.0, "loss_cov": 38.70268249511719, "time": 0.38129448890686035, "epoch": 1, "iter": 3, "memory": 17071, "step": 3}
{"lr": 0.00022500749999999998, "data_time": 0.03422284126281738, "loss": 35.52821731567383, "loss_inv": 0.049956314265728, "loss_var": 0.0, "loss_cov": 34.2793083190918, "time": 0.3961217403411865, "epoch": 1, "iter": 4, "memory": 17071, "step": 4}
{"lr": 0.0003, "data_time": 0.02064681053161621, "loss": 31.555049896240234, "loss_inv": 0.057075317949056625, "loss_var": 0.0, "loss_cov": 30.12816619873047, "time": 0.38245463371276855, "epoch": 1, "iter": 5, "memory": 17071, "step": 5}
{"lr": 0.0003, "data_time": 0.02064061164855957, "loss": 27.919586181640625, "loss_inv": 0.05482104793190956, "loss_var": 0.0, "loss_cov": 26.549060821533203, "time": 0.38318681716918945, "epoch": 1, "iter": 6, "memory": 17071, "step": 6}
{"lr": 0.0002714480406590546, "data_time": 0.032859086990356445, "loss": 30.215049743652344, "loss_inv": 0.05898481234908104, "loss_var": 0.0, "loss_cov": 28.740428924560547, "time": 0.3950309753417969, "epoch": 1, "iter": 7, "memory": 17071, "step": 7}
{"lr": 0.00019669804065905458, "data_time": 0.020665407180786133, "loss": 26.76515769958496, "loss_inv": 0.05820244550704956, "loss_var": 0.0, "loss_cov": 25.310096740722656, "time": 0.38414931297302246, "epoch": 1, "iter": 8, "memory": 17071, "step": 8}
{"lr": 0.00010430195934094532, "data_time": 0.027805089950561523, "loss": 25.991514205932617, "loss_inv": 0.06016363948583603, "loss_var": 0.0, "loss_cov": 24.487422943115234, "time": 0.389301061630249, "epoch": 1, "iter": 9, "memory": 17071, "step": 9}
{"lr": 2.955195934094536e-05, "data_time": 0.017658710479736328, "loss": 24.535900115966797, "loss_inv": 0.062388911843299866, "loss_var": 0.0, "loss_cov": 22.976177215576172, "time": 0.37538981437683105, "epoch": 1, "iter": 10, "memory": 17071, "step": 10}
