{"lr": 3e-08, "data_time": 7.026965141296387, "loss": 70.35973358154297, "loss_inv": 0.7557221055030823, "loss_var": 0.0, "loss_cov": 51.46668243408203, "time": 7.455842018127441, "epoch": 1, "iter": 1, "memory": 17045, "step": 1}
{"lr": 7.50225e-05, "data_time": 0.882354736328125, "loss": 72.85833740234375, "loss_inv": 0.7800552248954773, "loss_var": 0.0, "loss_cov": 53.356956481933594, "time": 1.2565255165100098, "epoch": 1, "iter": 2, "memory": 17070, "step": 2}
{"lr": 0.00015001499999999998, "data_time": 0.019061803817749023, "loss": 61.730899810791016, "loss_inv": 0.7671141028404236, "loss_var": 0.0, "loss_cov": 42.55304718017578, "time": 0.391726016998291, "epoch": 1, "iter": 3, "memory": 17070, "step": 3}
{"lr": 0.00022500749999999998, "data_time": 0.0994100570678711, "loss": 54.530052185058594, "loss_inv": 0.6947758197784424, "loss_var": 0.0, "loss_cov": 37.1606559753418, "time": 0.4721639156341553, "epoch": 1, "iter": 4, "memory": 17070, "step": 4}
{"lr": 0.0003, "data_time": 0.02367997169494629, "loss": 47.87555694580078, "loss_inv": 0.6468963027000427, "loss_var": 0.0, "loss_cov": 31.703147888183594, "time": 0.39549922943115234, "epoch": 1, "iter": 5, "memory": 17070, "step": 5}
{"lr": 0.0003, "data_time": 0.037717342376708984, "loss": 52.506370544433594, "loss_inv": 0.817286491394043, "loss_var": 0.0, "loss_cov": 32.0742073059082, "time": 0.41783833503723145, "epoch": 1, "iter": 6, "memory": 17070, "step": 6}
{"lr": 0.0002714480406590546, "data_time": 0.02691507339477539, "loss": 49.12200164794922, "loss_inv": 0.7203105688095093, "loss_var": 0.0, "loss_cov": 31.114234924316406, "time": 0.407958984375, "epoch": 1, "iter": 7, "memory": 17070, "step": 7}
{"lr": 0.00019669804065905458, "data_time": 0.028450965881347656, "loss": 48.104026794433594, "loss_inv": 0.7257579565048218, "loss_var": 0.0, "loss_cov": 29.9600772857666, "time": 0.4026780128479004, "epoch": 1, "iter": 8, "memory": 17070, "step": 8}
{"lr": 0.00010430195934094532, "data_time": 0.0334930419921875, "loss": 44.918312072753906, "loss_inv": 0.7121118307113647, "loss_var": 0.0, "loss_cov": 27.115516662597656, "time": 0.4085979461669922, "epoch": 1, "iter": 9, "memory": 17070, "step": 9}
{"lr": 2.955195934094536e-05, "data_time": 0.027317523956298828, "loss": 43.535274505615234, "loss_inv": 0.6707261800765991, "loss_var": 0.0, "loss_cov": 26.767120361328125, "time": 0.4088118076324463, "epoch": 1, "iter": 10, "memory": 17070, "step": 10}
