{"lr": 3e-05, "data_time": 3.293689250946045, "loss": 5.5332255363464355, "time": 3.681584358215332, "epoch": 1, "iter": 1, "memory": 12590, "step": 1}
{"lr": 0.0750225, "data_time": 0.8948044776916504, "loss": 5.488984107971191, "time": 1.253657579421997, "epoch": 1, "iter": 2, "memory": 12658, "step": 2}
{"lr": 0.150015, "data_time": 0.17486310005187988, "loss": 5.513521194458008, "time": 0.5449469089508057, "epoch": 1, "iter": 3, "memory": 12658, "step": 3}
{"lr": 0.2250075, "data_time": 0.013789892196655273, "loss": 5.407851219177246, "time": 0.37490177154541016, "epoch": 1, "iter": 4, "memory": 12658, "step": 4}
{"lr": 0.3, "data_time": 0.03698611259460449, "loss": 5.385998725891113, "time": 0.4027714729309082, "epoch": 1, "iter": 5, "memory": 12658, "step": 5}
{"lr": 0.3, "data_time": 0.0169680118560791, "loss": 5.453968048095703, "time": 0.37840700149536133, "epoch": 1, "iter": 6, "memory": 12658, "step": 6}
{"lr": 0.2933926296998458, "data_time": 0.021837472915649414, "loss": 5.265559673309326, "time": 0.35932469367980957, "epoch": 1, "iter": 7, "memory": 12658, "step": 7}
{"lr": 0.2742172942406179, "data_time": 0.02298903465270996, "loss": 5.11754035949707, "time": 0.36556339263916016, "epoch": 1, "iter": 8, "memory": 12658, "step": 8}
{"lr": 0.2443510090594839, "data_time": 0.01398777961730957, "loss": 5.190830230712891, "time": 0.3751251697540283, "epoch": 1, "iter": 9, "memory": 12658, "step": 9}
{"lr": 0.2067172942406179, "data_time": 0.021749019622802734, "loss": 5.091099739074707, "time": 0.38262367248535156, "epoch": 1, "iter": 10, "memory": 12658, "step": 10}
{"lr": 0.165, "data_time": 0.027236223220825195, "loss": 4.963339805603027, "time": 0.38803839683532715, "epoch": 1, "iter": 11, "memory": 12658, "step": 11}
{"lr": 0.12328270575938212, "data_time": 0.014153718948364258, "loss": 5.008156776428223, "time": 0.3689148426055908, "epoch": 1, "iter": 12, "memory": 12658, "step": 12}
{"lr": 0.08564899094051615, "data_time": 0.02216958999633789, "loss": 4.88055944442749, "time": 0.3835904598236084, "epoch": 1, "iter": 13, "memory": 12658, "step": 13}
{"lr": 0.055782705759382115, "data_time": 0.08734703063964844, "loss": 4.8697991371154785, "time": 0.44722676277160645, "epoch": 1, "iter": 14, "memory": 12658, "step": 14}
{"lr": 0.03660737030015428, "data_time": 0.016405582427978516, "loss": 4.817526817321777, "time": 0.3746011257171631, "epoch": 1, "iter": 15, "memory": 12658, "step": 15}
