{"lr": 3e-08, "data_time": 7.351844072341919, "loss": 73.68058776855469, "loss_inv": 0.7898808717727661, "loss_var": 0.0, "loss_cov": 53.933563232421875, "time": 7.7754597663879395, "epoch": 1, "iter": 1, "memory": 17045, "step": 1}
{"lr": 0.0003, "data_time": 0.047092437744140625, "loss": 71.36547088623047, "loss_inv": 0.7161047458648682, "loss_var": 0.0, "loss_cov": 53.462852478027344, "time": 0.4261951446533203, "epoch": 1, "iter": 2, "memory": 17070, "step": 2}
{"lr": 0.0003, "data_time": 0.29410433769226074, "loss": 53.076690673828125, "loss_inv": 0.6610161662101746, "loss_var": 0.0, "loss_cov": 36.55128479003906, "time": 0.6751375198364258, "epoch": 1, "iter": 3, "memory": 17070, "step": 3}
{"lr": 0.0002998847409179881, "data_time": 0.027584075927734375, "loss": 54.952674865722656, "loss_inv": 0.6967021226882935, "loss_var": 0.0, "loss_cov": 37.53512191772461, "time": 0.40599751472473145, "epoch": 1, "iter": 4, "memory": 17070, "step": 4}
{"lr": 0.0002995391413931026, "data_time": 0.032494544982910156, "loss": 52.35309600830078, "loss_inv": 0.6692670583724976, "loss_var": 0.0, "loss_cov": 35.62141799926758, "time": 0.4129374027252197, "epoch": 1, "iter": 5, "memory": 17070, "step": 5}
{"lr": 0.00029896373431476147, "data_time": 0.02815842628479004, "loss": 49.915672302246094, "loss_inv": 0.7276039123535156, "loss_var": 0.0, "loss_cov": 31.725576400756836, "time": 0.40844202041625977, "epoch": 1, "iter": 6, "memory": 17070, "step": 6}
{"lr": 0.00029815940691897306, "data_time": 0.04711198806762695, "loss": 48.76597595214844, "loss_inv": 0.6790343523025513, "loss_var": 0.0, "loss_cov": 31.790115356445312, "time": 0.4267911911010742, "epoch": 1, "iter": 7, "memory": 17070, "step": 7}
{"lr": 0.00029712739942028293, "data_time": 0.02838134765625, "loss": 46.000953674316406, "loss_inv": 0.6554687023162842, "loss_var": 0.0, "loss_cov": 29.614238739013672, "time": 0.40842652320861816, "epoch": 1, "iter": 8, "memory": 17070, "step": 8}
{"lr": 0.00029586930309945264, "data_time": 0.028621435165405273, "loss": 44.57474899291992, "loss_inv": 0.6732813715934753, "loss_var": 0.00032793416175991297, "loss_cov": 27.734516143798828, "time": 0.4104349613189697, "epoch": 1, "iter": 9, "memory": 17070, "step": 9}
{"lr": 0.00029438705784982027, "data_time": 0.04622364044189453, "loss": 42.94670867919922, "loss_inv": 0.6562325954437256, "loss_var": 0.0008937104139477015, "loss_cov": 26.518550872802734, "time": 0.42738938331604004, "epoch": 1, "iter": 10, "memory": 17070, "step": 10}
{"lr": 0.0002926829491861255, "data_time": 0.02779078483581543, "loss": 42.9821891784668, "loss_inv": 0.6901614665985107, "loss_var": 0.001446069567464292, "loss_cov": 25.692001342773438, "time": 0.4093143939971924, "epoch": 1, "iter": 11, "memory": 17070, "step": 11}
{"lr": 0.0002907596047204114, "data_time": 0.02787923812866211, "loss": 41.73953628540039, "loss_inv": 0.6773741245269775, "loss_var": 0.00198607356287539, "loss_cov": 24.755531311035156, "time": 0.40759897232055664, "epoch": 1, "iter": 12, "memory": 17070, "step": 12}
{"lr": 0.00028861999011043737, "data_time": 0.04593706130981445, "loss": 41.15782165527344, "loss_inv": 0.6215910315513611, "loss_var": 0.0025134035386145115, "loss_cov": 25.55521011352539, "time": 0.42737865447998047, "epoch": 1, "iter": 13, "memory": 17070, "step": 13}
